<?xml version="1.0" encoding="UTF-8"?>
<beans xmlns="http://www.springframework.org/schema/beans"
       xmlns:xsi="http://www.w3.org/2001/XMLSchema-instance"
       xsi:schemaLocation="http://www.springframework.org/schema/beans http://www.springframework.org/schema/beans/spring-beans.xsd">

    <bean id="poolConfig" class="redis.clients.jedis.JedisPoolConfig">
        <property name="maxIdle" value="${spring.redis.max-idle}"/>
        <property name="maxTotal" value="${spring.redis.max-active}"/>
        <property name="maxWaitMillis" value="${spring.redis.max-wait}"/>
        <property name="testOnBorrow" value="${spring.redis.test-on-borrow}"/>
    </bean>

    <bean id="jedisConnectionFactory"
          class="org.springframework.data.redis.connection.jedis.JedisConnectionFactory">
        <property name="usePool" value="true"/>
        <property name="hostName" value="${spring.redis.host}"/>
        <property name="password" value="${spring.redis.password}"/>
        <property name="timeout" value="${spring.redis.timeout}"/>
        <property name="poolConfig" ref="poolConfig"/>
    </bean>

    <bean id="redisTemplate" class="org.springframework.data.redis.core.RedisTemplate">
        <property name="connectionFactory" ref="jedisConnectionFactory"/>

        <property name="keySerializer">
            <bean class="org.springframework.data.redis.serializer.StringRedisSerializer"/>
        </property>

        <property name="hashKeySerializer">
            <bean class="org.springframework.data.redis.serializer.StringRedisSerializer"/>
        </property>
    </bean>
</beans>
