{
  "code": 0,
  "msg": "ok",
  "data": [
    {
      "d_id": 1,
      "name": "xx",
      "sex": "male",
      "d_pid": -1
    },
    {
      "d_id": 2,
      "name": "xx",
      "sex": "male",
      "d_pid": 1
    },
    {
      "d_id": 3,
      "name": "xx",
      "sex": "male",
      "d_pid": 1
    },
    {
      "d_id": 4,
      "name": "xx",
      "sex": "male",
      "d_pid": 1
    },
    {
      "d_id": 5,
      "name": "xx",
      "sex": "male",
      "d_pid": -1
    },
    {
      "d_id": 6,
      "name": "xx",
      "sex": "male",
      "d_pid": 5
    },
    {
      "d_id": 7,
      "name": "xx",
      "sex": "male",
      "d_pid": 5
    },
    {
      "d_id": 8,
      "name": "xx",
      "sex": "male",
      "d_pid": 6
    },
    {
      "d_id": 9,
      "name": "xx",
      "sex": "male",
      "d_pid": 6
    },
    {
      "d_id": 10,
      "name": "xx",
      "sex": "male",
      "d_pid": 9
    },
    {
      "d_id": 11,
      "name": "xx",
      "sex": "male",
      "d_pid": 9
    },
    {
      "d_id": 12,
      "name": "xx",
      "sex": "male",
      "d_pid": 10
    },
    {
      "d_id": 13,
      "name": "xx",
      "sex": "male",
      "d_pid": 10
    },
    {
      "d_id": 14,
      "name": "xx",
      "sex": "male",
      "d_pid": 10
    },
    {
      "d_id": 15,
      "name": "xx",
      "sex": "male",
      "d_pid": 13
    },
    {
      "d_id": 16,
      "name": "xx",
      "sex": "male",
      "d_pid": 13
    },
    {
      "d_id": 17,
      "name": "xx",
      "sex": "male",
      "d_pid": 16
    },
    {
      "d_id": 18,
      "name": "xx",
      "sex": "male",
      "d_pid": 16
    }
  ],
  "count": 18
}