{
  "code": 0,
  "msg": "ok",
  "data": [
    {
      "d_id": "1",
      "name": "xx",
      "sex": "male",
      "d_pid": "0"
    },
    {
      "d_id": "2",
      "name": "xx",
      "sex": "male",
      "d_pid": "1"
    },
    {
      "d_id": "3",
      "name": "xx",
      "sex": "male",
      "d_pid": "1"
    },
    {
      "d_id": "4",
      "name": "xx",
      "sex": "male",
      "d_pid": "1"
    },
    {
      "d_id": "5",
      "name": "xx",
      "sex": "male",
      "d_pid": "0"
    },
    {
      "d_id": "6",
      "name": "xx",
      "sex": "male",
      "d_pid": "5"
    },
    {
      "d_id": "7",
      "name": "xx",
      "sex": "male",
      "d_pid": "5"
    },
    {
      "d_id": "8",
      "name": "xx",
      "sex": "male",
      "d_pid": "6"
    },
    {
      "d_id": "9",
      "name": "xx",
      "sex": "male",
      "d_pid": "6"
    },
    {
      "d_id": "10",
      "name": "xx",
      "sex": "male",
      "d_pid": "9"
    },
    {
      "d_id": "11",
      "name": "xx",
      "sex": "male",
      "d_pid": "9"
    }
  ],
  "count": 11
}