<?xml version="1.0" encoding="UTF-8" ?>
<!DOCTYPE mapper PUBLIC "-//mybatis.org//DTD Mapper 3.0//EN" "http://mybatis.org/dtd/mybatis-3-mapper.dtd" >
<mapper namespace="com.oceam.mapper.UserInfoMapper" >
  <resultMap id="BaseResultMap" type="com.oceam.entity.UserInfo" >
    <id column="userId" property="userid" jdbcType="INTEGER" />
    <result column="userName" property="username" jdbcType="VARCHAR" />
    <result column="phone" property="phone" jdbcType="VARCHAR" />
    <result column="sex" property="sex" jdbcType="VARCHAR" />
  </resultMap>
  <sql id="Base_Column_List" >
    userId, userName, phone, sex
  </sql>
  <select id="selectByPrimaryKey" resultMap="BaseResultMap" parameterType="java.lang.Integer" >
    select
    <include refid="Base_Column_List" />
    from userinfo
    where userId = #{userid,jdbcType=INTEGER}
  </select>
  <delete id="deleteByPrimaryKey" parameterType="java.lang.Integer" >
    delete from userinfo
    where userId = #{userid,jdbcType=INTEGER}
  </delete>
  <insert id="insert" parameterType="com.oceam.entity.UserInfo" >
    insert into userinfo (userId, userName, phone,
      sex)
    values (#{userid,jdbcType=INTEGER}, #{username,jdbcType=VARCHAR}, #{phone,jdbcType=VARCHAR}, 
      #{sex,jdbcType=VARCHAR})
  </insert>
  <insert id="insertSelective" parameterType="com.oceam.entity.UserInfo" >
    insert into userinfo
    <trim prefix="(" suffix=")" suffixOverrides="," >
      <if test="userid != null" >
        userId,
      </if>
      <if test="username != null" >
        userName,
      </if>
      <if test="phone != null" >
        phone,
      </if>
      <if test="sex != null" >
        sex,
      </if>
    </trim>
    <trim prefix="values (" suffix=")" suffixOverrides="," >
      <if test="userid != null" >
        #{userid,jdbcType=INTEGER},
      </if>
      <if test="username != null" >
        #{username,jdbcType=VARCHAR},
      </if>
      <if test="phone != null" >
        #{phone,jdbcType=VARCHAR},
      </if>
      <if test="sex != null" >
        #{sex,jdbcType=VARCHAR},
      </if>
    </trim>
  </insert>
  <update id="updateByPrimaryKeySelective" parameterType="com.oceam.entity.UserInfo" >
    update userinfo
    <set >
      <if test="username != null" >
        userName = #{username,jdbcType=VARCHAR},
      </if>
      <if test="phone != null" >
        phone = #{phone,jdbcType=VARCHAR},
      </if>
      <if test="sex != null" >
        sex = #{sex,jdbcType=VARCHAR},
      </if>
    </set>
    where userId = #{userid,jdbcType=INTEGER}
  </update>
  <update id="updateByPrimaryKey" parameterType="com.oceam.entity.UserInfo" >
    update userinfo
    set userName = #{username,jdbcType=VARCHAR},
      phone = #{phone,jdbcType=VARCHAR},
      sex = #{sex,jdbcType=VARCHAR}
    where userId = #{userid,jdbcType=INTEGER}
  </update>

  <select id="findAllUser" resultType="com.oceam.entity.UserInfo">
    select * from userinfo
  </select>


</mapper>