<?xml version="1.0" encoding="UTF-8"?>
<!DOCTYPE mapper PUBLIC "-//mybatis.org//DTD Mapper 3.0//EN" "http://mybatis.org/dtd/mybatis-3-mapper.dtd">
<mapper namespace="com.shiwu.demo.dao.SubjectMapper">
  <resultMap id="BaseResultMap" type="com.shiwu.demo.model.Subject">
    <id column="subject_id" jdbcType="INTEGER" property="subjectId" />
    <result column="subject_name" jdbcType="VARCHAR" property="subjectName" />
  </resultMap>
  <sql id="Base_Column_List">
    subject_id, subject_name
  </sql>
  <select id="selectByPrimaryKey" parameterType="java.lang.Integer" resultMap="BaseResultMap">
    select 
    <include refid="Base_Column_List" />
    from subject
    where subject_id = #{subjectId,jdbcType=INTEGER}
  </select>
  <delete id="deleteByPrimaryKey" parameterType="java.lang.Integer">
    delete from subject
    where subject_id = #{subjectId,jdbcType=INTEGER}
  </delete>
  <insert id="insert" parameterType="com.shiwu.demo.model.Subject">
    insert into subject (subject_id, subject_name)
    values (#{subjectId,jdbcType=INTEGER}, #{subjectName,jdbcType=VARCHAR})
  </insert>
  <insert id="insertSelective" parameterType="com.shiwu.demo.model.Subject">
    insert into subject
    <trim prefix="(" suffix=")" suffixOverrides=",">
      <if test="subjectId != null">
        subject_id,
      </if>
      <if test="subjectName != null">
        subject_name,
      </if>
    </trim>
    <trim prefix="values (" suffix=")" suffixOverrides=",">
      <if test="subjectId != null">
        #{subjectId,jdbcType=INTEGER},
      </if>
      <if test="subjectName != null">
        #{subjectName,jdbcType=VARCHAR},
      </if>
    </trim>
  </insert>
  <update id="updateByPrimaryKeySelective" parameterType="com.shiwu.demo.model.Subject">
    update subject
    <set>
      <if test="subjectName != null">
        subject_name = #{subjectName,jdbcType=VARCHAR},
      </if>
    </set>
    where subject_id = #{subjectId,jdbcType=INTEGER}
  </update>
  <update id="updateByPrimaryKey" parameterType="com.shiwu.demo.model.Subject">
    update subject
    set subject_name = #{subjectName,jdbcType=VARCHAR}
    where subject_id = #{subjectId,jdbcType=INTEGER}
  </update>
</mapper>