<?xml version="1.0" encoding="UTF-8"?>
<beans xmlns="http://www.springframework.org/schema/beans"
       xmlns:xsi="http://www.w3.org/2001/XMLSchema-instance"
       xmlns:context="http://www.springframework.org/schema/context"
       xmlns:mvc="http://www.springframework.org/schema/mvc"
       xsi:schemaLocation="
       http://www.springframework.org/schema/beans http://www.springframework.org/schema/beans/spring-beans.xsd
       http://www.springframework.org/schema/context http://www.springframework.org/schema/context/spring-context.xsd
       http://www.springframework.org/schema/mvc http://www.springframework.org/schema/mvc/spring-mvc-3.0.xsd">

    <context:component-scan base-package="com.shiwu.demo.controller"/>

    <mvc:annotation-driven/>

    <mvc:default-servlet-handler/>


    <!-- 配置freeMarker的模板路径 -->
    <bean class="org.springframework.web.servlet.view.freemarker.FreeMarkerConfigurer">
        <property name="templateLoaderPath" value="/WEB-INF/view/" />
        <property name="defaultEncoding" value="UTF-8" />
    </bean>
    <!-- freemarker视图解析器     -->
    <bean class="org.springframework.web.servlet.view.freemarker.FreeMarkerViewResolver">
        <property name="suffix" value=".ftl" />
        <property name="contentType" value="text/html;charset=UTF-8" />
        <!--    此变量值为pageContext.request, 页面使用方法：rc.contextPath    -->
        <property name="requestContextAttribute" value="rc" />
    </bean>

</beans>